{"cameraMode":{"drawMode":0,"name":"Shaded","section":"Shading Mode"},"sceneLighting":false,"audioPlay":false,"sceneViewState":{"showFog":true,"showMaterialUpdate":false,"showSkybox":false,"showFlares":true,"showImageEffects":true,"showParticleSystems":true},"in2DMode":false,"pivot":{"x":-6.215000152587891,"y":-0.9959999918937683,"z":-2.181999921798706},"rotation":{"x":-0.025339532643556596,"y":0.9709492325782776,"z":-0.20574550330638886,"w":-0.11973852664232254},"size":4.137545585632324,"orthographic":false}